<?xml version="1.0" encoding="UTF-8"?>
<metadata xml:lang="id"><Esri><CreaDate>20170615</CreaDate><CreaTime>17150800</CreaTime><ArcGISFormat>1.0</ArcGISFormat><SyncOnce>TRUE</SyncOnce><DataProperties><itemProps><itemLocation><linkage Sync="TRUE">file://\\ADMIN-PC\E$\Shp provinsi seluruh indonesia\IdProv</linkage><protocol Sync="TRUE">Local Area Network</protocol></itemLocation></itemProps><copyHistory><copy source="E:\KULIAH\SIG\SHP\Peta Indikasi Batas Wilayah Administrasi\IdProv" dest="\\ADMIN-PC\E$\Shp provinsi seluruh indonesia\IdProv" date="20170615" time="17150800"></copy></copyHistory></DataProperties></Esri></metadata>
